image_path,Gender?_gt_norm,Gender?_pred_norm
/mnt/mahdipou/test/FacesInThings/images/000018844.jpg,Male,Neutral
/mnt/mahdipou/test/FacesInThings/images/000021539.jpg,Male,Neutral
/mnt/mahdipou/test/FacesInThings/images/000001944.jpg,Female,Neutral
/mnt/mahdipou/test/FacesInThings/images/000005736.jpg,Male,Neutral
/mnt/mahdipou/test/FacesInThings/images/000006307.jpg,Male,Neutral
/mnt/mahdipou/test/FacesInThings/images/000005917.jpg,Male,Neutral
/mnt/mahdipou/test/FacesInThings/images/000003570.jpg,Female,Neutral
/mnt/mahdipou/test/FacesInThings/images/000002520.jpg,Female,Neutral
/mnt/mahdipou/test/FacesInThings/images/000006604.jpg,Female,Neutral
/mnt/mahdipou/test/FacesInThings/images/000018968.jpg,Male,Neutral
/mnt/mahdipou/test/FacesInThings/images/000013231.jpg,Male,Neutral
/mnt/mahdipou/test/FacesInThings/images/000011770.jpg,Male,Neutral
/mnt/mahdipou/test/FacesInThings/images/000021487.jpg,Male,Neutral
/mnt/mahdipou/test/FacesInThings/images/000015365.jpg,Male,Neutral
/mnt/mahdipou/test/FacesInThings/images/000021860.jpg,Female,Neutral
/mnt/mahdipou/test/FacesInThings/images/000025600.jpg,Male,Neutral
/mnt/mahdipou/test/FacesInThings/images/000002210.jpg,Male,Neutral
/mnt/mahdipou/test/FacesInThings/images/000016692.jpg,Male,Neutral
/mnt/mahdipou/test/FacesInThings/images/000003440.jpg,Male,Neutral
/mnt/mahdipou/test/FacesInThings/images/000027632.jpg,Male,Neutral
/mnt/mahdipou/test/FacesInThings/images/000017441.jpg,Male,Neutral
/mnt/mahdipou/test/FacesInThings/images/000027867.jpg,Male,Neutral
/mnt/mahdipou/test/FacesInThings/images/000003891.jpg,Male,Neutral
/mnt/mahdipou/test/FacesInThings/images/000018640.jpg,Male,Neutral
/mnt/mahdipou/test/FacesInThings/images/000015479.jpg,Male,Neutral
/mnt/mahdipou/test/FacesInThings/images/000024331.jpg,Female,Neutral
/mnt/mahdipou/test/FacesInThings/images/000001018.jpg,Male,Neutral
/mnt/mahdipou/test/FacesInThings/images/000024179.jpg,Male,Neutral
/mnt/mahdipou/test/FacesInThings/images/000003817.jpg,Male,Neutral
/mnt/mahdipou/test/FacesInThings/images/000004023.jpg,Male,Neutral
/mnt/mahdipou/test/FacesInThings/images/000023474.jpg,Male,Neutral
/mnt/mahdipou/test/FacesInThings/images/000025167.jpg,Male,Neutral
/mnt/mahdipou/test/FacesInThings/images/000000080.jpg,Male,Neutral
/mnt/mahdipou/test/FacesInThings/images/000012086.jpg,Male,Neutral
/mnt/mahdipou/test/FacesInThings/images/000004169.jpg,Female,Neutral
/mnt/mahdipou/test/FacesInThings/images/000010837.jpg,Male,Neutral
/mnt/mahdipou/test/FacesInThings/images/000012716.jpg,Male,Neutral
/mnt/mahdipou/test/FacesInThings/images/000005353.jpg,Male,Neutral
/mnt/mahdipou/test/FacesInThings/images/000016019.jpg,Male,Neutral
/mnt/mahdipou/test/FacesInThings/images/000006187.jpg,Male,Neutral
/mnt/mahdipou/test/FacesInThings/images/000011777.jpg,Male,Neutral
/mnt/mahdipou/test/FacesInThings/images/000027702.jpg,Male,Neutral
/mnt/mahdipou/test/FacesInThings/images/000003276.jpg,Male,Neutral
/mnt/mahdipou/test/FacesInThings/images/000012734.jpg,Male,Neutral
/mnt/mahdipou/test/FacesInThings/images/000006691.jpg,Male,Neutral
/mnt/mahdipou/test/FacesInThings/images/000010693.jpg,Male,Neutral
/mnt/mahdipou/test/FacesInThings/images/000024159.jpg,Male,Neutral
/mnt/mahdipou/test/FacesInThings/images/000002531.jpg,Male,Neutral
/mnt/mahdipou/test/FacesInThings/images/000018239.jpg,Male,Neutral
/mnt/mahdipou/test/FacesInThings/images/000001331.jpg,Female,Neutral
